Workbook

Sheet 使用說明
A1: Olimedi 奧里醫療資訊｜耗材盤點與安全庫存表
A3: 怎麼使用
A4: 1. 在「品項與安全庫存」填每項耗材的品名規格、單價、每天平均用量、廠商交貨天數與緩衝天數，系統會算出安全庫存。
A5: 2. 每次盤點後更新「目前庫存」，低於安全庫存會顯示「需叫貨」，並算出建議叫貨量。
A6: 3. 表格會依年度金額自動做 ABC 分級（A：累計金額前 80%；B：80%–95%；C：其餘），並建議盤點頻率：A 每週、B 每月、C 每季。
A7: 4. 「效期追蹤」記錄每一批的批號與效期，會自動標出已過期、30 天內、90 天內到期的批號。
A8: 5. 「盤點紀錄」選品名後會帶出帳上數量，輸入實盤數量即可看到差異，並記錄差異原因。
A10: 顏色說明
A11: 請填寫 | B11: 黃色格子＝請自行填寫或修改；其他格子有公式，會自動計算，請勿刪除。
A12: 自動計算 | B12: 白色格子＝公式自動帶出。標示「（範例）」的資料可直接覆蓋或刪除。
A14: 本範本為一般庫存管理工具，安全庫存與建議叫貨量為估算值，請依實際情況調整。管制藥品、植入物等有專門規定的品項，請依主管機關最新規定辦理。
A16: 用 Excel 管得很累？Oli 系統可以自動完成這些計算 → 加 LINE 問 Oliver（@336appfx），預約免費線上展示
A17: 更多診所管理實用文章：olimedi.com/blog

Sheet 品項與安全庫存
A1: 品項與安全庫存
A2: 最多 100 項。標「（範例）」的列可直接覆蓋或刪除。
A4: 品名規格 | B4: 單位 | C4: 庫位 | D4: 供應商 | E4: 單價（元） | F4: 每日平均用量 | G4: 廠商交貨天數 | H4: 緩衝天數 | I4: 安全庫存 | J4: 目前庫存 | K4: 狀態 | L4: 建議叫貨量 | M4: 年度金額（元） | N4: 累計金額占比 | O4: ABC 等級 | P4: 建議盤點頻率
A5: 骨整合植體 4.0×10mm（範例） | B5: 支 | C5: A1 櫃 | D5: 範例醫材公司 | E5: 8000 | F5: 0.3 | G5: 7 | H5: 7 | I5: =IF(OR(F5="",G5=""),"",ROUNDUP(F5*(G5+N(H5)),0)) -> 5 | J5: 4 | K5: =IF(OR(I5="",J5=""),"",IF(J5<=I5,"需叫貨","正常")) -> 需叫貨 | L5: =IF(K5="需叫貨",MAX(0,ROUNDUP(I5+F5*30-J5,0)),"") -> 10 | M5: =IF(OR(E5="",F5=""),"",E5*F5*365) -> 876000 | N5: =IF(M5="","",SUMIF($M$5:$M$104,">="&M5)/SUM($M$5:$M$104)) -> 0.73959938 | O5: =IF(N5="","",IF(OR(N5<=0.8,M5=MAX($M$5:$M$104)),"A",IF(N5<=0.95,"B","C"))) -> A | P5: =IF(O5="A","每週",IF(O5="B","每月",IF(O5="C","每季",""))) -> 每週
A6: 外科手套 M 號 100 入（範例） | B6: 盒 | C6: B2 櫃 | D6: 範例耗材行 | E6: 250 | F6: 1.5 | G6: 3 | H6: 3 | I6: =IF(OR(F6="",G6=""),"",ROUNDUP(F6*(G6+N(H6)),0)) -> 9 | J6: 6 | K6: =IF(OR(I6="",J6=""),"",IF(J6<=I6,"需叫貨","正常")) -> 需叫貨 | L6: =IF(K6="需叫貨",MAX(0,ROUNDUP(I6+F6*30-J6,0)),"") -> 48 | M6: =IF(OR(E6="",F6=""),"",E6*F6*365) -> 136875 | N6: =IF(M6="","",SUMIF($M$5:$M$104,">="&M6)/SUM($M$5:$M$104)) -> 0.85516179 | O6: =IF(N6="","",IF(OR(N6<=0.8,M6=MAX($M$5:$M$104)),"A",IF(N6<=0.95,"B","C"))) -> B | P6: =IF(O6="A","每週",IF(O6="B","每月",IF(O6="C","每季",""))) -> 每月
A7: 紗布 4×4 吋 100 片（範例） | B7: 包 | C7: B3 櫃 | D7: 範例耗材行 | E7: 60 | F7: 2 | G7: 3 | H7: 3 | I7: =IF(OR(F7="",G7=""),"",ROUNDUP(F7*(G7+N(H7)),0)) -> 12 | J7: 20 | K7: =IF(OR(I7="",J7=""),"",IF(J7<=I7,"需叫貨","正常")) -> 正常 | L7: =IF(K7="需叫貨",MAX(0,ROUNDUP(I7+F7*30-J7,0)),"") | M7: =IF(OR(E7="",F7=""),"",E7*F7*365) -> 43800 | N7: =IF(M7="","",SUMIF($M$5:$M$104,">="&M7)/SUM($M$5:$M$104)) -> 1 | O7: =IF(N7="","",IF(OR(N7<=0.8,M7=MAX($M$5:$M$104)),"A",IF(N7<=0.95,"B","C"))) -> C | P7: =IF(O7="A","每週",IF(O7="B","每月",IF(O7="C","每季",""))) -> 每季
A8: 常用針劑 1ml（範例） | B8: 支 | C8: 藥櫃 | D8: 範例藥商 | E8: 35 | F8: 10 | G8: 5 | H8: 5 | I8: =IF(OR(F8="",G8=""),"",ROUNDUP(F8*(G8+N(H8)),0)) -> 100 | J8: 150 | K8: =IF(OR(I8="",J8=""),"",IF(J8<=I8,"需叫貨","正常")) -> 正常 | L8: =IF(K8="需叫貨",MAX(0,ROUNDUP(I8+F8*30-J8,0)),"") | M8: =IF(OR(E8="",F8=""),"",E8*F8*365) -> 127750 | N8: =IF(M8="","",SUMIF($M$5:$M$104,">="&M8)/SUM($M$5:$M$104)) -> 0.96302003 | O8: =IF(N8="","",IF(OR(N8<=0.8,M8=MAX($M$5:$M$104)),"A",IF(N8<=0.95,"B","C"))) -> C | P8: =IF(O8="A","每週",IF(O8="B","每月",IF(O8="C","每季",""))) -> 每季
I9: =IF(OR(F9="",G9=""),"",ROUNDUP(F9*(G9+N(H9)),0)) | K9: =IF(OR(I9="",J9=""),"",IF(J9<=I9,"需叫貨","正常")) | L9: =IF(K9="需叫貨",MAX(0,ROUNDUP(I9+F9*30-J9,0)),"") | M9: =IF(OR(E9="",F9=""),"",E9*F9*365) | N9: =IF(M9="","",SUMIF($M$5:$M$104,">="&M9)/SUM($M$5:$M$104)) | O9: =IF(N9="","",IF(OR(N9<=0.8,M9=MAX($M$5:$M$104)),"A",IF(N9<=0.95,"B","C"))) | P9: =IF(O9="A","每週",IF(O9="B","每月",IF(O9="C","每季","")))
I10: =IF(OR(F10="",G10=""),"",ROUNDUP(F10*(G10+N(H10)),0)) | K10: =IF(OR(I10="",J10=""),"",IF(J10<=I10,"需叫貨","正常")) | L10: =IF(K10="需叫貨",MAX(0,ROUNDUP(I10+F10*30-J10,0)),"") | M10: =IF(OR(E10="",F10=""),"",E10*F10*365) | N10: =IF(M10="","",SUMIF($M$5:$M$104,">="&M10)/SUM($M$5:$M$104)) | O10: =IF(N10="","",IF(OR(N10<=0.8,M10=MAX($M$5:$M$104)),"A",IF(N10<=0.95,"B","C"))) | P10: =IF(O10="A","每週",IF(O10="B","每月",IF(O10="C","每季","")))
I11: =IF(OR(F11="",G11=""),"",ROUNDUP(F11*(G11+N(H11)),0)) | K11: =IF(OR(I11="",J11=""),"",IF(J11<=I11,"需叫貨","正常")) | L11: =IF(K11="需叫貨",MAX(0,ROUNDUP(I11+F11*30-J11,0)),"") | M11: =IF(OR(E11="",F11=""),"",E11*F11*365) | N11: =IF(M11="","",SUMIF($M$5:$M$104,">="&M11)/SUM($M$5:$M$104)) | O11: =IF(N11="","",IF(OR(N11<=0.8,M11=MAX($M$5:$M$104)),"A",IF(N11<=0.95,"B","C"))) | P11: =IF(O11="A","每週",IF(O11="B","每月",IF(O11="C","每季","")))
I12: =IF(OR(F12="",G12=""),"",ROUNDUP(F12*(G12+N(H12)),0)) | K12: =IF(OR(I12="",J12=""),"",IF(J12<=I12,"需叫貨","正常")) | L12: =IF(K12="需叫貨",MAX(0,ROUNDUP(I12+F12*30-J12,0)),"") | M12: =IF(OR(E12="",F12=""),"",E12*F12*365) | N12: =IF(M12="","",SUMIF($M$5:$M$104,">="&M12)/SUM($M$5:$M$104)) | O12: =IF(N12="","",IF(OR(N12<=0.8,M12=MAX($M$5:$M$104)),"A",IF(N12<=0.95,"B","C"))) | P12: =IF(O12="A","每週",IF(O12="B","每月",IF(O12="C","每季","")))
I13: =IF(OR(F13="",G13=""),"",ROUNDUP(F13*(G13+N(H13)),0)) | K13: =IF(OR(I13="",J13=""),"",IF(J13<=I13,"需叫貨","正常")) | L13: =IF(K13="需叫貨",MAX(0,ROUNDUP(I13+F13*30-J13,0)),"") | M13: =IF(OR(E13="",F13=""),"",E13*F13*365) | N13: =IF(M13="","",SUMIF($M$5:$M$104,">="&M13)/SUM($M$5:$M$104)) | O13: =IF(N13="","",IF(OR(N13<=0.8,M13=MAX($M$5:$M$104)),"A",IF(N13<=0.95,"B","C"))) | P13: =IF(O13="A","每週",IF(O13="B","每月",IF(O13="C","每季","")))
I14: =IF(OR(F14="",G14=""),"",ROUNDUP(F14*(G14+N(H14)),0)) | K14: =IF(OR(I14="",J14=""),"",IF(J14<=I14,"需叫貨","正常")) | L14: =IF(K14="需叫貨",MAX(0,ROUNDUP(I14+F14*30-J14,0)),"") | M14: =IF(OR(E14="",F14=""),"",E14*F14*365) | N14: =IF(M14="","",SUMIF($M$5:$M$104,">="&M14)/SUM($M$5:$M$104)) | O14: =IF(N14="","",IF(OR(N14<=0.8,M14=MAX($M$5:$M$104)),"A",IF(N14<=0.95,"B","C"))) | P14: =IF(O14="A","每週",IF(O14="B","每月",IF(O14="C","每季","")))
I15: =IF(OR(F15="",G15=""),"",ROUNDUP(F15*(G15+N(H15)),0)) | K15: =IF(OR(I15="",J15=""),"",IF(J15<=I15,"需叫貨","正常")) | L15: =IF(K15="需叫貨",MAX(0,ROUNDUP(I15+F15*30-J15,0)),"") | M15: =IF(OR(E15="",F15=""),"",E15*F15*365) | N15: =IF(M15="","",SUMIF($M$5:$M$104,">="&M15)/SUM($M$5:$M$104)) | O15: =IF(N15="","",IF(OR(N15<=0.8,M15=MAX($M$5:$M$104)),"A",IF(N15<=0.95,"B","C"))) | P15: =IF(O15="A","每週",IF(O15="B","每月",IF(O15="C","每季","")))
I16: =IF(OR(F16="",G16=""),"",ROUNDUP(F16*(G16+N(H16)),0)) | K16: =IF(OR(I16="",J16=""),"",IF(J16<=I16,"需叫貨","正常")) | L16: =IF(K16="需叫貨",MAX(0,ROUNDUP(I16+F16*30-J16,0)),"") | M16: =IF(OR(E16="",F16=""),"",E16*F16*365) | N16: =IF(M16="","",SUMIF($M$5:$M$104,">="&M16)/SUM($M$5:$M$104)) | O16: =IF(N16="","",IF(OR(N16<=0.8,M16=MAX($M$5:$M$104)),"A",IF(N16<=0.95,"B","C"))) | P16: =IF(O16="A","每週",IF(O16="B","每月",IF(O16="C","每季","")))
I17: =IF(OR(F17="",G17=""),"",ROUNDUP(F17*(G17+N(H17)),0)) | K17: =IF(OR(I17="",J17=""),"",IF(J17<=I17,"需叫貨","正常")) | L17: =IF(K17="需叫貨",MAX(0,ROUNDUP(I17+F17*30-J17,0)),"") | M17: =IF(OR(E17="",F17=""),"",E17*F17*365) | N17: =IF(M17="","",SUMIF($M$5:$M$104,">="&M17)/SUM($M$5:$M$104)) | O17: =IF(N17="","",IF(OR(N17<=0.8,M17=MAX($M$5:$M$104)),"A",IF(N17<=0.95,"B","C"))) | P17: =IF(O17="A","每週",IF(O17="B","每月",IF(O17="C","每季","")))
I18: =IF(OR(F18="",G18=""),"",ROUNDUP(F18*(G18+N(H18)),0)) | K18: =IF(OR(I18="",J18=""),"",IF(J18<=I18,"需叫貨","正常")) | L18: =IF(K18="需叫貨",MAX(0,ROUNDUP(I18+F18*30-J18,0)),"") | M18: =IF(OR(E18="",F18=""),"",E18*F18*365) | N18: =IF(M18="","",SUMIF($M$5:$M$104,">="&M18)/SUM($M$5:$M$104)) | O18: =IF(N18="","",IF(OR(N18<=0.8,M18=MAX($M$5:$M$104)),"A",IF(N18<=0.95,"B","C"))) | P18: =IF(O18="A","每週",IF(O18="B","每月",IF(O18="C","每季","")))
I19: =IF(OR(F19="",G19=""),"",ROUNDUP(F19*(G19+N(H19)),0)) | K19: =IF(OR(I19="",J19=""),"",IF(J19<=I19,"需叫貨","正常")) | L19: =IF(K19="需叫貨",MAX(0,ROUNDUP(I19+F19*30-J19,0)),"") | M19: =IF(OR(E19="",F19=""),"",E19*F19*365) | N19: =IF(M19="","",SUMIF($M$5:$M$104,">="&M19)/SUM($M$5:$M$104)) | O19: =IF(N19="","",IF(OR(N19<=0.8,M19=MAX($M$5:$M$104)),"A",IF(N19<=0.95,"B","C"))) | P19: =IF(O19="A","每週",IF(O19="B","每月",IF(O19="C","每季","")))
I20: =IF(OR(F20="",G20=""),"",ROUNDUP(F20*(G20+N(H20)),0)) | K20: =IF(OR(I20="",J20=""),"",IF(J20<=I20,"需叫貨","正常")) | L20: =IF(K20="需叫貨",MAX(0,ROUNDUP(I20+F20*30-J20,0)),"") | M20: =IF(OR(E20="",F20=""),"",E20*F20*365) | N20: =IF(M20="","",SUMIF($M$5:$M$104,">="&M20)/SUM($M$5:$M$104)) | O20: =IF(N20="","",IF(OR(N20<=0.8,M20=MAX($M$5:$M$104)),"A",IF(N20<=0.95,"B","C"))) | P20: =IF(O20="A","每週",IF(O20="B","每月",IF(O20="C","每季","")))
... I104: =IF(OR(F104="",G104=""),"",ROUNDUP(F104*(G104+N(H104)),0)) | K104: =IF(OR(I104="",J104=""),"",IF(J104<=I104,"需叫貨","正常")) | L104: =IF(K104="需叫貨",MAX(0,ROUNDUP(I104+F104*30-J104,0)),"") | M104: =IF(OR(E104="",F104=""),"",E104*F104*365) | N104: =IF(M104="","",SUMIF($M$5:$M$104,">="&M104)/SUM($M$5:$M$104)) | O104: =IF(N104="","",IF(OR(N104<=0.8,M104=MAX($M$5:$M$104)),"A",IF(N104<=0.95,"B","C"))) | P104: =IF(O104="A","每週",IF(O104="B","每月",IF(O104="C","每季","")))

Sheet 效期追蹤
A1: 效期追蹤
A2: 同一品項不同批號請分開記錄。剩餘天數以今天日期計算。
A4: 品名規格 | B4: 批號 | C4: 效期 | D4: 數量 | E4: 剩餘天數 | F4: 狀態
A5: 外科手套 M 號 100 入（範例） | B5: LT2408 | C5: 46318 | D5: 3 | E5: =IF(C5="","",C5-TODAY()) -> 20 | F5: =IF(E5="","",IF(E5<0,"已過期",IF(E5<=30,"30 天內到期",IF(E5<=90,"90 天內到期","正常")))) -> 30 天內到期
A6: 常用針劑 1ml（範例） | B6: IN2511 | C6: 46498 | D6: 80 | E6: =IF(C6="","",C6-TODAY()) -> 200 | F6: =IF(E6="","",IF(E6<0,"已過期",IF(E6<=30,"30 天內到期",IF(E6<=90,"90 天內到期","正常")))) -> 正常
E7: =IF(C7="","",C7-TODAY()) | F7: =IF(E7="","",IF(E7<0,"已過期",IF(E7<=30,"30 天內到期",IF(E7<=90,"90 天內到期","正常"))))
E8: =IF(C8="","",C8-TODAY()) | F8: =IF(E8="","",IF(E8<0,"已過期",IF(E8<=30,"30 天內到期",IF(E8<=90,"90 天內到期","正常"))))
E9: =IF(C9="","",C9-TODAY()) | F9: =IF(E9="","",IF(E9<0,"已過期",IF(E9<=30,"30 天內到期",IF(E9<=90,"90 天內到期","正常"))))
E10: =IF(C10="","",C10-TODAY()) | F10: =IF(E10="","",IF(E10<0,"已過期",IF(E10<=30,"30 天內到期",IF(E10<=90,"90 天內到期","正常"))))
E11: =IF(C11="","",C11-TODAY()) | F11: =IF(E11="","",IF(E11<0,"已過期",IF(E11<=30,"30 天內到期",IF(E11<=90,"90 天內到期","正常"))))
E12: =IF(C12="","",C12-TODAY()) | F12: =IF(E12="","",IF(E12<0,"已過期",IF(E12<=30,"30 天內到期",IF(E12<=90,"90 天內到期","正常"))))
E13: =IF(C13="","",C13-TODAY()) | F13: =IF(E13="","",IF(E13<0,"已過期",IF(E13<=30,"30 天內到期",IF(E13<=90,"90 天內到期","正常"))))
E14: =IF(C14="","",C14-TODAY()) | F14: =IF(E14="","",IF(E14<0,"已過期",IF(E14<=30,"30 天內到期",IF(E14<=90,"90 天內到期","正常"))))
E15: =IF(C15="","",C15-TODAY()) | F15: =IF(E15="","",IF(E15<0,"已過期",IF(E15<=30,"30 天內到期",IF(E15<=90,"90 天內到期","正常"))))
E16: =IF(C16="","",C16-TODAY()) | F16: =IF(E16="","",IF(E16<0,"已過期",IF(E16<=30,"30 天內到期",IF(E16<=90,"90 天內到期","正常"))))
E17: =IF(C17="","",C17-TODAY()) | F17: =IF(E17="","",IF(E17<0,"已過期",IF(E17<=30,"30 天內到期",IF(E17<=90,"90 天內到期","正常"))))
E18: =IF(C18="","",C18-TODAY()) | F18: =IF(E18="","",IF(E18<0,"已過期",IF(E18<=30,"30 天內到期",IF(E18<=90,"90 天內到期","正常"))))
... E204: =IF(C204="","",C204-TODAY()) | F204: =IF(E204="","",IF(E204<0,"已過期",IF(E204<=30,"30 天內到期",IF(E204<=90,"90 天內到期","正常"))))

Sheet 盤點紀錄
A1: 盤點紀錄
A2: 品名從下拉選單選（來自「品項與安全庫存」），帳上數量自動帶出。
A4: 盤點日期 | B4: 品名規格 | C4: 庫位 | D4: 帳上數量 | E4: 實盤數量 | F4: 差異 | G4: 差異原因 | H4: 盤點人
A5: 46298 | B5: 外科手套 M 號 100 入（範例） | C5: =IF(B5="","",IFERROR(INDEX(品項與安全庫存!$C$5:$C$104,MATCH(B5,品項與安全庫存!$A$5:$A$104,0)),"")) -> B2 櫃 | D5: =IF(B5="","",IFERROR(INDEX(品項與安全庫存!$J$5:$J$104,MATCH(B5,品項與安全庫存!$A$5:$A$104,0)),"")) -> 6 | E5: 5 | F5: =IF(OR(E5="",D5=""),"",E5-D5) -> -1 | G5: 領用未登記 | H5: （範例）
C6: =IF(B6="","",IFERROR(INDEX(品項與安全庫存!$C$5:$C$104,MATCH(B6,品項與安全庫存!$A$5:$A$104,0)),"")) | D6: =IF(B6="","",IFERROR(INDEX(品項與安全庫存!$J$5:$J$104,MATCH(B6,品項與安全庫存!$A$5:$A$104,0)),"")) | F6: =IF(OR(E6="",D6=""),"",E6-D6)
C7: =IF(B7="","",IFERROR(INDEX(品項與安全庫存!$C$5:$C$104,MATCH(B7,品項與安全庫存!$A$5:$A$104,0)),"")) | D7: =IF(B7="","",IFERROR(INDEX(品項與安全庫存!$J$5:$J$104,MATCH(B7,品項與安全庫存!$A$5:$A$104,0)),"")) | F7: =IF(OR(E7="",D7=""),"",E7-D7)
C8: =IF(B8="","",IFERROR(INDEX(品項與安全庫存!$C$5:$C$104,MATCH(B8,品項與安全庫存!$A$5:$A$104,0)),"")) | D8: =IF(B8="","",IFERROR(INDEX(品項與安全庫存!$J$5:$J$104,MATCH(B8,品項與安全庫存!$A$5:$A$104,0)),"")) | F8: =IF(OR(E8="",D8=""),"",E8-D8)
C9: =IF(B9="","",IFERROR(INDEX(品項與安全庫存!$C$5:$C$104,MATCH(B9,品項與安全庫存!$A$5:$A$104,0)),"")) | D9: =IF(B9="","",IFERROR(INDEX(品項與安全庫存!$J$5:$J$104,MATCH(B9,品項與安全庫存!$A$5:$A$104,0)),"")) | F9: =IF(OR(E9="",D9=""),"",E9-D9)
C10: =IF(B10="","",IFERROR(INDEX(品項與安全庫存!$C$5:$C$104,MATCH(B10,品項與安全庫存!$A$5:$A$104,0)),"")) | D10: =IF(B10="","",IFERROR(INDEX(品項與安全庫存!$J$5:$J$104,MATCH(B10,品項與安全庫存!$A$5:$A$104,0)),"")) | F10: =IF(OR(E10="",D10=""),"",E10-D10)
C11: =IF(B11="","",IFERROR(INDEX(品項與安全庫存!$C$5:$C$104,MATCH(B11,品項與安全庫存!$A$5:$A$104,0)),"")) | D11: =IF(B11="","",IFERROR(INDEX(品項與安全庫存!$J$5:$J$104,MATCH(B11,品項與安全庫存!$A$5:$A$104,0)),"")) | F11: =IF(OR(E11="",D11=""),"",E11-D11)
C12: =IF(B12="","",IFERROR(INDEX(品項與安全庫存!$C$5:$C$104,MATCH(B12,品項與安全庫存!$A$5:$A$104,0)),"")) | D12: =IF(B12="","",IFERROR(INDEX(品項與安全庫存!$J$5:$J$104,MATCH(B12,品項與安全庫存!$A$5:$A$104,0)),"")) | F12: =IF(OR(E12="",D12=""),"",E12-D12)
C13: =IF(B13="","",IFERROR(INDEX(品項與安全庫存!$C$5:$C$104,MATCH(B13,品項與安全庫存!$A$5:$A$104,0)),"")) | D13: =IF(B13="","",IFERROR(INDEX(品項與安全庫存!$J$5:$J$104,MATCH(B13,品項與安全庫存!$A$5:$A$104,0)),"")) | F13: =IF(OR(E13="",D13=""),"",E13-D13)
C14: =IF(B14="","",IFERROR(INDEX(品項與安全庫存!$C$5:$C$104,MATCH(B14,品項與安全庫存!$A$5:$A$104,0)),"")) | D14: =IF(B14="","",IFERROR(INDEX(品項與安全庫存!$J$5:$J$104,MATCH(B14,品項與安全庫存!$A$5:$A$104,0)),"")) | F14: =IF(OR(E14="",D14=""),"",E14-D14)
C15: =IF(B15="","",IFERROR(INDEX(品項與安全庫存!$C$5:$C$104,MATCH(B15,品項與安全庫存!$A$5:$A$104,0)),"")) | D15: =IF(B15="","",IFERROR(INDEX(品項與安全庫存!$J$5:$J$104,MATCH(B15,品項與安全庫存!$A$5:$A$104,0)),"")) | F15: =IF(OR(E15="",D15=""),"",E15-D15)
C16: =IF(B16="","",IFERROR(INDEX(品項與安全庫存!$C$5:$C$104,MATCH(B16,品項與安全庫存!$A$5:$A$104,0)),"")) | D16: =IF(B16="","",IFERROR(INDEX(品項與安全庫存!$J$5:$J$104,MATCH(B16,品項與安全庫存!$A$5:$A$104,0)),"")) | F16: =IF(OR(E16="",D16=""),"",E16-D16)
C17: =IF(B17="","",IFERROR(INDEX(品項與安全庫存!$C$5:$C$104,MATCH(B17,品項與安全庫存!$A$5:$A$104,0)),"")) | D17: =IF(B17="","",IFERROR(INDEX(品項與安全庫存!$J$5:$J$104,MATCH(B17,品項與安全庫存!$A$5:$A$104,0)),"")) | F17: =IF(OR(E17="",D17=""),"",E17-D17)
... C304: =IF(B304="","",IFERROR(INDEX(品項與安全庫存!$C$5:$C$104,MATCH(B304,品項與安全庫存!$A$5:$A$104,0)),"")) | D304: =IF(B304="","",IFERROR(INDEX(品項與安全庫存!$J$5:$J$104,MATCH(B304,品項與安全庫存!$A$5:$A$104,0)),"")) | F304: =IF(OR(E304="",D304=""),"",E304-D304)

Sheet 更多工具
A1: 把時間還給自己，診所的瑣事交給 Oli。
A3: 項目 | B3: 說明 | C3: 連結
A4: Oli 考勤管理系統 | B4: 排班、手機 QR 打卡、請假加班、薪資試算、特休餘額自動計算 | C4: https://olimedi.com/attendance.html
A5: Oli 庫存管理系統 | B5: 掃碼入庫、快缺貨快過期提醒、採購建議、植入物批號追溯 | C5: https://olimedi.com/materials.html
A6: 診所管理專欄 | B6: 排班、加班費、特休、盤點等實用整理 | C6: https://olimedi.com/blog/
A7: 問 Oliver（LINE） | B7: 加入 @336appfx，預約約 20 分鐘免費線上展示 | C7: https://line.me/R/ti/p/@336appfx
A9: © 2026 Olimedi 奧里醫療資訊。本範本可免費使用於醫療院所內部管理，請勿轉售。
