Workbook

Sheet 使用說明
A1: Olimedi 奧里醫療資訊｜醫療院所早午晚診排班表
A3: 怎麼使用
A4: 1. 到「設定」分頁填年份、月份，確認早、午、晚診的時數，以及每一診最少需要幾個人。
A5: 2. 到「人員」分頁填員工姓名、職務、可擔任的崗位與每月工時上限（最多 15 人）。
A6: 3. 到「排班表」分頁，每格從下拉選單選代號：早／午／晚／早午／午晚／早晚／早午晚／休／特休／請假。
A7: 4. 表格下方會自動算出每天每一診的人數，少於最少人數會標紅色；右側自動算出每人上班天數、總時數、診數與晚診次數，超過工時上限會提醒。
A8: 5. 日期與星期會依年月自動更新，週末欄位以灰色標示。每個月複製一份分頁即可重複使用。
A10: 顏色說明
A11: 請填寫 | B11: 黃色格子＝請自行填寫或修改；其他格子有公式，會自動計算，請勿刪除。
A12: 自動計算 | B12: 白色格子＝公式自動帶出。標示「（範例）」的資料可直接覆蓋或刪除。
A14: 本範本僅協助排班與工時統計，不構成法律意見。正常工時、延長工時、例假與休息日等規定，請以勞動基準法及勞動部最新公告為準。
A16: 用 Excel 管得很累？Oli 系統可以自動完成這些計算 → 加 LINE 問 Oliver（@336appfx），預約免費線上展示
A17: 更多診所管理實用文章：olimedi.com/blog

Sheet 排班表
A1: =設定!B4&" 年 "&設定!B5&" 月 排班表" -> 2026 年 11 月 排班表
A2: 代號：早／午／晚／早午／午晚／早晚／早午晚／休／特休／請假（從下拉選單選）
A4: 日期 | B4: =IF(1<=DAY(DATE(設定!$B$4,設定!$B$5+1,0)),1,"") -> 1 | C4: =IF(2<=DAY(DATE(設定!$B$4,設定!$B$5+1,0)),2,"") -> 2 | D4: =IF(3<=DAY(DATE(設定!$B$4,設定!$B$5+1,0)),3,"") -> 3 | E4: =IF(4<=DAY(DATE(設定!$B$4,設定!$B$5+1,0)),4,"") -> 4 | F4: =IF(5<=DAY(DATE(設定!$B$4,設定!$B$5+1,0)),5,"") -> 5 | G4: =IF(6<=DAY(DATE(設定!$B$4,設定!$B$5+1,0)),6,"") -> 6 | H4: =IF(7<=DAY(DATE(設定!$B$4,設定!$B$5+1,0)),7,"") -> 7 | I4: =IF(8<=DAY(DATE(設定!$B$4,設定!$B$5+1,0)),8,"") -> 8 | J4: =IF(9<=DAY(DATE(設定!$B$4,設定!$B$5+1,0)),9,"") -> 9 | K4: =IF(10<=DAY(DATE(設定!$B$4,設定!$B$5+1,0)),10,"") -> 10 | L4: =IF(11<=DAY(DATE(設定!$B$4,設定!$B$5+1,0)),11,"") -> 11 | M4: =IF(12<=DAY(DATE(設定!$B$4,設定!$B$5+1,0)),12,"") -> 12 | N4: =IF(13<=DAY(DATE(設定!$B$4,設定!$B$5+1,0)),13,"") -> 13 | O4: =IF(14<=DAY(DATE(設定!$B$4,設定!$B$5+1,0)),14,"") -> 14 | P4: =IF(15<=DAY(DATE(設定!$B$4,設定!$B$5+1,0)),15,"") -> 15 | Q4: =IF(16<=DAY(DATE(設定!$B$4,設定!$B$5+1,0)),16,"") -> 16 | R4: =IF(17<=DAY(DATE(設定!$B$4,設定!$B$5+1,0)),17,"") -> 17 | S4: =IF(18<=DAY(DATE(設定!$B$4,設定!$B$5+1,0)),18,"") -> 18 | T4: =IF(19<=DAY(DATE(設定!$B$4,設定!$B$5+1,0)),19,"") -> 19 | U4: =IF(20<=DAY(DATE(設定!$B$4,設定!$B$5+1,0)),20,"") -> 20 | V4: =IF(21<=DAY(DATE(設定!$B$4,設定!$B$5+1,0)),21,"") -> 21 | W4: =IF(22<=DAY(DATE(設定!$B$4,設定!$B$5+1,0)),22,"") -> 22 | X4: =IF(23<=DAY(DATE(設定!$B$4,設定!$B$5+1,0)),23,"") -> 23 | Y4: =IF(24<=DAY(DATE(設定!$B$4,設定!$B$5+1,0)),24,"") -> 24 | Z4: =IF(25<=DAY(DATE(設定!$B$4,設定!$B$5+1,0)),25,"") -> 25 | AA4: =IF(26<=DAY(DATE(設定!$B$4,設定!$B$5+1,0)),26,"") -> 26 | AB4: =IF(27<=DAY(DATE(設定!$B$4,設定!$B$5+1,0)),27,"") -> 27 | AC4: =IF(28<=DAY(DATE(設定!$B$4,設定!$B$5+1,0)),28,"") -> 28 | AD4: =IF(29<=DAY(DATE(設定!$B$4,設定!$B$5+1,0)),29,"") -> 29 | AE4: =IF(30<=DAY(DATE(設定!$B$4,設定!$B$5+1,0)),30,"") -> 30 | AF4: =IF(31<=DAY(DATE(設定!$B$4,設定!$B$5+1,0)),31,"") | AG4: 上班天數 | AH4: 總時數 | AI4: 診數 | AJ4: 晚診次數 | AK4: 工時上限 | AL4: 提醒
A5: 星期 | B5: =IF(B4="","",CHOOSE(WEEKDAY(DATE(設定!$B$4,設定!$B$5,B4)),"日","一","二","三","四","五","六")) -> 日 | C5: =IF(C4="","",CHOOSE(WEEKDAY(DATE(設定!$B$4,設定!$B$5,C4)),"日","一","二","三","四","五","六")) -> 一 | D5: =IF(D4="","",CHOOSE(WEEKDAY(DATE(設定!$B$4,設定!$B$5,D4)),"日","一","二","三","四","五","六")) -> 二 | E5: =IF(E4="","",CHOOSE(WEEKDAY(DATE(設定!$B$4,設定!$B$5,E4)),"日","一","二","三","四","五","六")) -> 三 | F5: =IF(F4="","",CHOOSE(WEEKDAY(DATE(設定!$B$4,設定!$B$5,F4)),"日","一","二","三","四","五","六")) -> 四 | G5: =IF(G4="","",CHOOSE(WEEKDAY(DATE(設定!$B$4,設定!$B$5,G4)),"日","一","二","三","四","五","六")) -> 五 | H5: =IF(H4="","",CHOOSE(WEEKDAY(DATE(設定!$B$4,設定!$B$5,H4)),"日","一","二","三","四","五","六")) -> 六 | I5: =IF(I4="","",CHOOSE(WEEKDAY(DATE(設定!$B$4,設定!$B$5,I4)),"日","一","二","三","四","五","六")) -> 日 | ... AF5: =IF(AF4="","",CHOOSE(WEEKDAY(DATE(設定!$B$4,設定!$B$5,AF4)),"日","一","二","三","四","五","六"))
A6: =IF(人員!A5="","",人員!A5) -> 王小明（範例） | B6: 早午 | C6: 早午 | D6: 午晚 | E6: 休 | F6: 早午 | G6: 早晚 | H6: 休 | AG6: =IF($A6="","",SUMPRODUCT(--((ISNUMBER(SEARCH("早",B6:AF6)))+(ISNUMBER(SEARCH("午",B6:AF6)))+(ISNUMBER(SEARCH("晚",B6:AF6)))>0))) -> 5 | AH6: =IF($A6="","",SUMPRODUCT((ISNUMBER(SEARCH("早",B6:AF6)))*設定!$D$8+(ISNUMBER(SEARCH("午",B6:AF6)))*設定!$D$9+(ISNUMBER(SEARCH("晚",B6:AF6)))*設定!$D$10)) -> 38 | AI6: =IF($A6="","",SUMPRODUCT((ISNUMBER(SEARCH("早",B6:AF6)))+(ISNUMBER(SEARCH("午",B6:AF6)))+(ISNUMBER(SEARCH("晚",B6:AF6))))) -> 10 | AJ6: =IF($A6="","",COUNTIF(B6:AF6,"*晚*")) -> 2 | AK6: =IF(OR($A6="",人員!D5=""),"",人員!D5) -> 176 | AL6: =IF(OR($A6="",AK6=""),"",IF(AH6>AK6,"超過上限",""))
A7: =IF(人員!A6="","",人員!A6) | AG7: =IF($A7="","",SUMPRODUCT(--((ISNUMBER(SEARCH("早",B7:AF7)))+(ISNUMBER(SEARCH("午",B7:AF7)))+(ISNUMBER(SEARCH("晚",B7:AF7)))>0))) | AH7: =IF($A7="","",SUMPRODUCT((ISNUMBER(SEARCH("早",B7:AF7)))*設定!$D$8+(ISNUMBER(SEARCH("午",B7:AF7)))*設定!$D$9+(ISNUMBER(SEARCH("晚",B7:AF7)))*設定!$D$10)) | AI7: =IF($A7="","",SUMPRODUCT((ISNUMBER(SEARCH("早",B7:AF7)))+(ISNUMBER(SEARCH("午",B7:AF7)))+(ISNUMBER(SEARCH("晚",B7:AF7))))) | AJ7: =IF($A7="","",COUNTIF(B7:AF7,"*晚*")) | AK7: =IF(OR($A7="",人員!D6=""),"",人員!D6) | AL7: =IF(OR($A7="",AK7=""),"",IF(AH7>AK7,"超過上限",""))
A8: =IF(人員!A7="","",人員!A7) | AG8: =IF($A8="","",SUMPRODUCT(--((ISNUMBER(SEARCH("早",B8:AF8)))+(ISNUMBER(SEARCH("午",B8:AF8)))+(ISNUMBER(SEARCH("晚",B8:AF8)))>0))) | AH8: =IF($A8="","",SUMPRODUCT((ISNUMBER(SEARCH("早",B8:AF8)))*設定!$D$8+(ISNUMBER(SEARCH("午",B8:AF8)))*設定!$D$9+(ISNUMBER(SEARCH("晚",B8:AF8)))*設定!$D$10)) | AI8: =IF($A8="","",SUMPRODUCT((ISNUMBER(SEARCH("早",B8:AF8)))+(ISNUMBER(SEARCH("午",B8:AF8)))+(ISNUMBER(SEARCH("晚",B8:AF8))))) | AJ8: =IF($A8="","",COUNTIF(B8:AF8,"*晚*")) | AK8: =IF(OR($A8="",人員!D7=""),"",人員!D7) | AL8: =IF(OR($A8="",AK8=""),"",IF(AH8>AK8,"超過上限",""))
A9: =IF(人員!A8="","",人員!A8) | AG9: =IF($A9="","",SUMPRODUCT(--((ISNUMBER(SEARCH("早",B9:AF9)))+(ISNUMBER(SEARCH("午",B9:AF9)))+(ISNUMBER(SEARCH("晚",B9:AF9)))>0))) | AH9: =IF($A9="","",SUMPRODUCT((ISNUMBER(SEARCH("早",B9:AF9)))*設定!$D$8+(ISNUMBER(SEARCH("午",B9:AF9)))*設定!$D$9+(ISNUMBER(SEARCH("晚",B9:AF9)))*設定!$D$10)) | AI9: =IF($A9="","",SUMPRODUCT((ISNUMBER(SEARCH("早",B9:AF9)))+(ISNUMBER(SEARCH("午",B9:AF9)))+(ISNUMBER(SEARCH("晚",B9:AF9))))) | AJ9: =IF($A9="","",COUNTIF(B9:AF9,"*晚*")) | AK9: =IF(OR($A9="",人員!D8=""),"",人員!D8) | AL9: =IF(OR($A9="",AK9=""),"",IF(AH9>AK9,"超過上限",""))
A10: =IF(人員!A9="","",人員!A9) | AG10: =IF($A10="","",SUMPRODUCT(--((ISNUMBER(SEARCH("早",B10:AF10)))+(ISNUMBER(SEARCH("午",B10:AF10)))+(ISNUMBER(SEARCH("晚",B10:AF10)))>0))) | AH10: =IF($A10="","",SUMPRODUCT((ISNUMBER(SEARCH("早",B10:AF10)))*設定!$D$8+(ISNUMBER(SEARCH("午",B10:AF10)))*設定!$D$9+(ISNUMBER(SEARCH("晚",B10:AF10)))*設定!$D$10)) | AI10: =IF($A10="","",SUMPRODUCT((ISNUMBER(SEARCH("早",B10:AF10)))+(ISNUMBER(SEARCH("午",B10:AF10)))+(ISNUMBER(SEARCH("晚",B10:AF10))))) | AJ10: =IF($A10="","",COUNTIF(B10:AF10,"*晚*")) | AK10: =IF(OR($A10="",人員!D9=""),"",人員!D9) | AL10: =IF(OR($A10="",AK10=""),"",IF(AH10>AK10,"超過上限",""))
A11: =IF(人員!A10="","",人員!A10) | AG11: =IF($A11="","",SUMPRODUCT(--((ISNUMBER(SEARCH("早",B11:AF11)))+(ISNUMBER(SEARCH("午",B11:AF11)))+(ISNUMBER(SEARCH("晚",B11:AF11)))>0))) | AH11: =IF($A11="","",SUMPRODUCT((ISNUMBER(SEARCH("早",B11:AF11)))*設定!$D$8+(ISNUMBER(SEARCH("午",B11:AF11)))*設定!$D$9+(ISNUMBER(SEARCH("晚",B11:AF11)))*設定!$D$10)) | AI11: =IF($A11="","",SUMPRODUCT((ISNUMBER(SEARCH("早",B11:AF11)))+(ISNUMBER(SEARCH("午",B11:AF11)))+(ISNUMBER(SEARCH("晚",B11:AF11))))) | AJ11: =IF($A11="","",COUNTIF(B11:AF11,"*晚*")) | AK11: =IF(OR($A11="",人員!D10=""),"",人員!D10) | AL11: =IF(OR($A11="",AK11=""),"",IF(AH11>AK11,"超過上限",""))
A12: =IF(人員!A11="","",人員!A11) | AG12: =IF($A12="","",SUMPRODUCT(--((ISNUMBER(SEARCH("早",B12:AF12)))+(ISNUMBER(SEARCH("午",B12:AF12)))+(ISNUMBER(SEARCH("晚",B12:AF12)))>0))) | AH12: =IF($A12="","",SUMPRODUCT((ISNUMBER(SEARCH("早",B12:AF12)))*設定!$D$8+(ISNUMBER(SEARCH("午",B12:AF12)))*設定!$D$9+(ISNUMBER(SEARCH("晚",B12:AF12)))*設定!$D$10)) | AI12: =IF($A12="","",SUMPRODUCT((ISNUMBER(SEARCH("早",B12:AF12)))+(ISNUMBER(SEARCH("午",B12:AF12)))+(ISNUMBER(SEARCH("晚",B12:AF12))))) | AJ12: =IF($A12="","",COUNTIF(B12:AF12,"*晚*")) | AK12: =IF(OR($A12="",人員!D11=""),"",人員!D11) | AL12: =IF(OR($A12="",AK12=""),"",IF(AH12>AK12,"超過上限",""))
A13: =IF(人員!A12="","",人員!A12) | AG13: =IF($A13="","",SUMPRODUCT(--((ISNUMBER(SEARCH("早",B13:AF13)))+(ISNUMBER(SEARCH("午",B13:AF13)))+(ISNUMBER(SEARCH("晚",B13:AF13)))>0))) | AH13: =IF($A13="","",SUMPRODUCT((ISNUMBER(SEARCH("早",B13:AF13)))*設定!$D$8+(ISNUMBER(SEARCH("午",B13:AF13)))*設定!$D$9+(ISNUMBER(SEARCH("晚",B13:AF13)))*設定!$D$10)) | AI13: =IF($A13="","",SUMPRODUCT((ISNUMBER(SEARCH("早",B13:AF13)))+(ISNUMBER(SEARCH("午",B13:AF13)))+(ISNUMBER(SEARCH("晚",B13:AF13))))) | AJ13: =IF($A13="","",COUNTIF(B13:AF13,"*晚*")) | AK13: =IF(OR($A13="",人員!D12=""),"",人員!D12) | AL13: =IF(OR($A13="",AK13=""),"",IF(AH13>AK13,"超過上限",""))
A14: =IF(人員!A13="","",人員!A13) | AG14: =IF($A14="","",SUMPRODUCT(--((ISNUMBER(SEARCH("早",B14:AF14)))+(ISNUMBER(SEARCH("午",B14:AF14)))+(ISNUMBER(SEARCH("晚",B14:AF14)))>0))) | AH14: =IF($A14="","",SUMPRODUCT((ISNUMBER(SEARCH("早",B14:AF14)))*設定!$D$8+(ISNUMBER(SEARCH("午",B14:AF14)))*設定!$D$9+(ISNUMBER(SEARCH("晚",B14:AF14)))*設定!$D$10)) | AI14: =IF($A14="","",SUMPRODUCT((ISNUMBER(SEARCH("早",B14:AF14)))+(ISNUMBER(SEARCH("午",B14:AF14)))+(ISNUMBER(SEARCH("晚",B14:AF14))))) | AJ14: =IF($A14="","",COUNTIF(B14:AF14,"*晚*")) | AK14: =IF(OR($A14="",人員!D13=""),"",人員!D13) | AL14: =IF(OR($A14="",AK14=""),"",IF(AH14>AK14,"超過上限",""))
A15: =IF(人員!A14="","",人員!A14) | AG15: =IF($A15="","",SUMPRODUCT(--((ISNUMBER(SEARCH("早",B15:AF15)))+(ISNUMBER(SEARCH("午",B15:AF15)))+(ISNUMBER(SEARCH("晚",B15:AF15)))>0))) | AH15: =IF($A15="","",SUMPRODUCT((ISNUMBER(SEARCH("早",B15:AF15)))*設定!$D$8+(ISNUMBER(SEARCH("午",B15:AF15)))*設定!$D$9+(ISNUMBER(SEARCH("晚",B15:AF15)))*設定!$D$10)) | AI15: =IF($A15="","",SUMPRODUCT((ISNUMBER(SEARCH("早",B15:AF15)))+(ISNUMBER(SEARCH("午",B15:AF15)))+(ISNUMBER(SEARCH("晚",B15:AF15))))) | AJ15: =IF($A15="","",COUNTIF(B15:AF15,"*晚*")) | AK15: =IF(OR($A15="",人員!D14=""),"",人員!D14) | AL15: =IF(OR($A15="",AK15=""),"",IF(AH15>AK15,"超過上限",""))
A16: =IF(人員!A15="","",人員!A15) | AG16: =IF($A16="","",SUMPRODUCT(--((ISNUMBER(SEARCH("早",B16:AF16)))+(ISNUMBER(SEARCH("午",B16:AF16)))+(ISNUMBER(SEARCH("晚",B16:AF16)))>0))) | AH16: =IF($A16="","",SUMPRODUCT((ISNUMBER(SEARCH("早",B16:AF16)))*設定!$D$8+(ISNUMBER(SEARCH("午",B16:AF16)))*設定!$D$9+(ISNUMBER(SEARCH("晚",B16:AF16)))*設定!$D$10)) | AI16: =IF($A16="","",SUMPRODUCT((ISNUMBER(SEARCH("早",B16:AF16)))+(ISNUMBER(SEARCH("午",B16:AF16)))+(ISNUMBER(SEARCH("晚",B16:AF16))))) | AJ16: =IF($A16="","",COUNTIF(B16:AF16,"*晚*")) | AK16: =IF(OR($A16="",人員!D15=""),"",人員!D15) | AL16: =IF(OR($A16="",AK16=""),"",IF(AH16>AK16,"超過上限",""))
A17: =IF(人員!A16="","",人員!A16) | AG17: =IF($A17="","",SUMPRODUCT(--((ISNUMBER(SEARCH("早",B17:AF17)))+(ISNUMBER(SEARCH("午",B17:AF17)))+(ISNUMBER(SEARCH("晚",B17:AF17)))>0))) | AH17: =IF($A17="","",SUMPRODUCT((ISNUMBER(SEARCH("早",B17:AF17)))*設定!$D$8+(ISNUMBER(SEARCH("午",B17:AF17)))*設定!$D$9+(ISNUMBER(SEARCH("晚",B17:AF17)))*設定!$D$10)) | AI17: =IF($A17="","",SUMPRODUCT((ISNUMBER(SEARCH("早",B17:AF17)))+(ISNUMBER(SEARCH("午",B17:AF17)))+(ISNUMBER(SEARCH("晚",B17:AF17))))) | AJ17: =IF($A17="","",COUNTIF(B17:AF17,"*晚*")) | AK17: =IF(OR($A17="",人員!D16=""),"",人員!D16) | AL17: =IF(OR($A17="",AK17=""),"",IF(AH17>AK17,"超過上限",""))
A18: =IF(人員!A17="","",人員!A17) | AG18: =IF($A18="","",SUMPRODUCT(--((ISNUMBER(SEARCH("早",B18:AF18)))+(ISNUMBER(SEARCH("午",B18:AF18)))+(ISNUMBER(SEARCH("晚",B18:AF18)))>0))) | AH18: =IF($A18="","",SUMPRODUCT((ISNUMBER(SEARCH("早",B18:AF18)))*設定!$D$8+(ISNUMBER(SEARCH("午",B18:AF18)))*設定!$D$9+(ISNUMBER(SEARCH("晚",B18:AF18)))*設定!$D$10)) | AI18: =IF($A18="","",SUMPRODUCT((ISNUMBER(SEARCH("早",B18:AF18)))+(ISNUMBER(SEARCH("午",B18:AF18)))+(ISNUMBER(SEARCH("晚",B18:AF18))))) | AJ18: =IF($A18="","",COUNTIF(B18:AF18,"*晚*")) | AK18: =IF(OR($A18="",人員!D17=""),"",人員!D17) | AL18: =IF(OR($A18="",AK18=""),"",IF(AH18>AK18,"超過上限",""))
... A20: =IF(人員!A19="","",人員!A19) | AG20: =IF($A20="","",SUMPRODUCT(--((ISNUMBER(SEARCH("早",B20:AF20)))+(ISNUMBER(SEARCH("午",B20:AF20)))+(ISNUMBER(SEARCH("晚",B20:AF20)))>0))) | AH20: =IF($A20="","",SUMPRODUCT((ISNUMBER(SEARCH("早",B20:AF20)))*設定!$D$8+(ISNUMBER(SEARCH("午",B20:AF20)))*設定!$D$9+(ISNUMBER(SEARCH("晚",B20:AF20)))*設定!$D$10)) | AI20: =IF($A20="","",SUMPRODUCT((ISNUMBER(SEARCH("早",B20:AF20)))+(ISNUMBER(SEARCH("午",B20:AF20)))+(ISNUMBER(SEARCH("晚",B20:AF20))))) | AJ20: =IF($A20="","",COUNTIF(B20:AF20,"*晚*")) | AK20: =IF(OR($A20="",人員!D19=""),"",人員!D19) | AL20: =IF(OR($A20="",AK20=""),"",IF(AH20>AK20,"超過上限",""))
A22: 早診人數 | B22: =IF(B$4="","",COUNTIF(B6:B20,"*早*")) -> 1 | C22: =IF(C$4="","",COUNTIF(C6:C20,"*早*")) -> 1 | D22: =IF(D$4="","",COUNTIF(D6:D20,"*早*")) -> 0 | E22: =IF(E$4="","",COUNTIF(E6:E20,"*早*")) -> 0 | F22: =IF(F$4="","",COUNTIF(F6:F20,"*早*")) -> 1 | G22: =IF(G$4="","",COUNTIF(G6:G20,"*早*")) -> 1 | H22: =IF(H$4="","",COUNTIF(H6:H20,"*早*")) -> 0 | I22: =IF(I$4="","",COUNTIF(I6:I20,"*早*")) -> 0 | ... AF22: =IF(AF$4="","",COUNTIF(AF6:AF20,"*早*"))
A23: 午診人數 | B23: =IF(B$4="","",COUNTIF(B6:B20,"*午*")) -> 1 | C23: =IF(C$4="","",COUNTIF(C6:C20,"*午*")) -> 1 | D23: =IF(D$4="","",COUNTIF(D6:D20,"*午*")) -> 1 | E23: =IF(E$4="","",COUNTIF(E6:E20,"*午*")) -> 0 | F23: =IF(F$4="","",COUNTIF(F6:F20,"*午*")) -> 1 | G23: =IF(G$4="","",COUNTIF(G6:G20,"*午*")) -> 0 | H23: =IF(H$4="","",COUNTIF(H6:H20,"*午*")) -> 0 | I23: =IF(I$4="","",COUNTIF(I6:I20,"*午*")) -> 0 | ... AF23: =IF(AF$4="","",COUNTIF(AF6:AF20,"*午*"))
A24: 晚診人數 | B24: =IF(B$4="","",COUNTIF(B6:B20,"*晚*")) -> 0 | C24: =IF(C$4="","",COUNTIF(C6:C20,"*晚*")) -> 0 | D24: =IF(D$4="","",COUNTIF(D6:D20,"*晚*")) -> 1 | E24: =IF(E$4="","",COUNTIF(E6:E20,"*晚*")) -> 0 | F24: =IF(F$4="","",COUNTIF(F6:F20,"*晚*")) -> 0 | G24: =IF(G$4="","",COUNTIF(G6:G20,"*晚*")) -> 1 | H24: =IF(H$4="","",COUNTIF(H6:H20,"*晚*")) -> 0 | I24: =IF(I$4="","",COUNTIF(I6:I20,"*晚*")) -> 0 | ... AF24: =IF(AF$4="","",COUNTIF(AF6:AF20,"*晚*"))
A25: 紅色＝少於「設定」中的每診最少人數。

Sheet 設定
A1: 排班設定
A2: 黃色格子請依診所實際情況填寫。
A4: 年份 | B4: 2026
A5: 月份 | B5: 11
A7: 診次 | B7: 代號 | C7: 時段 | D7: 時數（小時） | E7: 每診最少人數
A8: 早診 | B8: 早 | C8: 08:00–12:00 | D8: 4 | E8: 3
A9: 午診 | B9: 午 | C9: 14:00–18:00 | D9: 4 | E9: 3
A10: 晚診 | B10: 晚 | C10: 18:30–21:30 | D10: 3 | E10: 3
A12: 時數用於統計工時；請依實際看診時段調整（含交班、準備時間）。

Sheet 人員
A1: 人員資料
A2: 最多 15 人。姓名會自動帶到排班表。
A4: 姓名 | B4: 職務 | C4: 可擔任崗位 | D4: 每月工時上限（小時）
A5: 王小明（範例） | B5: 跟診助理 | C5: 跟診、消毒 | D5: 176

Sheet 更多工具
A1: 把時間還給自己，診所的瑣事交給 Oli。
A3: 項目 | B3: 說明 | C3: 連結
A4: Oli 考勤管理系統 | B4: 排班、手機 QR 打卡、請假加班、薪資試算、特休餘額自動計算 | C4: https://olimedi.com/attendance.html
A5: Oli 庫存管理系統 | B5: 掃碼入庫、快缺貨快過期提醒、採購建議、植入物批號追溯 | C5: https://olimedi.com/materials.html
A6: 診所管理專欄 | B6: 排班、加班費、特休、盤點等實用整理 | C6: https://olimedi.com/blog/
A7: 問 Oliver（LINE） | B7: 加入 @336appfx，預約約 20 分鐘免費線上展示 | C7: https://line.me/R/ti/p/@336appfx
A9: © 2026 Olimedi 奧里醫療資訊。本範本可免費使用於醫療院所內部管理，請勿轉售。
